<?xml version="1.0" encoding="UTF-8"?>
<!DOCTYPE hibernate-mapping PUBLIC 
    "-//Hibernate/Hibernate Mapping DTD 3.0//EN"
    "http://www.hibernate.org/dtd/hibernate-mapping-3.0.dtd">
<hibernate-mapping package="com.hibernatemap.demo">
	
	<class name="Finance" table="finance">
		<id name="FINANCEID" column="ID">
		<generator class="identity"></generator>
		</id>
		<property name="name" type="string"></property>
		<property name="ftype" type="string"></property>
	</class>
</hibernate-mapping>